id,slug,type,english,episodeRuntime,firstAirDate,tmdbScore,summary,malIDs,genres,numberOfEpisodes
7441841285951918837,akane-banashi,tv,Akane-banashi,24,2026-04-04,8.5,"Akane Osaki, captivated since childhood by the magical performances of her father, Shinta Arakawa, witnesses a shocking incident during his decisive performance for promotion to shin'uchi (master rank). Six years later, now a high school student, she sets her sights on becoming a shin'uchi herself—pushing forward in the highly competitive world of rakugo.",62164,"Animation,Drama",3
7441841319367938806,i-made-friends-with-the-second-prettiest-girl-in-my-class,tv,I Made Friends with the Second Prettiest Girl in My Class,24,2026-04-07,7.0,"Maki Maehara, the class outcast, finally makes his first friend: Umi Asanagi, the second-prettiest girl in class and the center of everyone’s attention. He’s convinced she’s out of his league, but as their unlikely friendship grows, Maki starts to wonder…could there be more than just friendship between them?",56734,"Animation,Comedy,Drama",12
7441841370785911545,the-warrior-princess-and-the-barbaric-king,tv,The Warrior Princess and the Barbaric King,24,2026-04-09,7.0,"Serafina, the West’s fiercest knight, expected torture when captured by barbarians. Instead, she got a marriage proposal! Marrying her sworn enemy is a hard no! But after seeing her wedding captor’s culture and very pretty face, she may be tempted to swap her sword for a wedding veil. Get ready for the ultimate enemies-to-maybe-lovers arc.",60028,"Animation,Sci-Fi & Fantasy,Comedy",12
7441841410883457787,mistress-kanan-is-devilishly-easy,tv,Mistress Kanan Is Devilishly Easy,24,2026-04-05,7.0,"Kanan the “Gourmet Devil” has descended upon the human world with one goal: to gorge herself on youthful souls. Her first target is high schooler Youji Kyougi—except her plan backfires horribly! Instead of her meal, he’s now her…boyfriend?! Even though she’s lived for thousands of years, Kanan has never known love! Can a devil survive the dangers of dates, hand-holding, and her very first romance?",61501,"Animation,Comedy,Sci-Fi & Fantasy",12
7441841444374975228,kill-blue,tv,KILL BLUE,24,2026-04-11,0.0,"Legendary hitman Juzo Ogami has never failed an assignment. But after a mission, he’s stung by a mysterious wasp and wakes up in the body of a 13-year-old boy. And to make things even weirder, he receives a bizarre new order: infiltrate a middle school. Now the once-feared assassin must balance the chaos of school life with his deadly work, all while searching for a way to regain his adult body.",62391,"Animation,Comedy,Action & Adventure",1
7441841455645070077,the-ramparts-of-ice,tv,The Ramparts of Ice,24,2026-04-02,8.0,"Weighed down by memories she can't shake, high schooler Koyuki Hikawa keeps everyone at arm's length — until three schoolmates draw her out of her shell.",60852,"Animation,Drama,Comedy",12
7441841489560212222,liar-game,tv,LIAR GAME,24,2026-04-07,8.0,"When Nao Kanzaki receives a strange letter and a suitcase containing 100 million yen, she learns that she has been selected to participate in the LIAR GAME. In this high-stakes psychological battle, lies, deception, and betrayal reign supreme. Naïve and honest, Nao turns to Shinichi Akiyama, a brilliant former con artist, to survive the twisted game. In a game built on lies, can honesty prevail?",62331,"Animation,Drama",2
7441841519356547839,monster-eater,tv,Monster Eater,13,2026-04-03,0.0,"Rude, an E-rank adventurer.His only skill, ""Status Ailment Nullification,"" is a niche ability considered useful only for gathering medicinal herbs in miasma-choked dungeons. With virtually zero combat prowess, his fellow adventurers mock him with the nickname ""Miasma Scavenger."" In a desperate bid to change his life, Rude ventures into a new dungeon—only to be betrayed by his party and left for dead. With his supplies gone and his life fading, he makes a forbidden choice: to consume the flesh of a monster. So begins the tale of Rude’s ""Monster Devouring"" adventure, where he gains new skills by simply consuming his foes!",63304,"Animation,Action & Adventure",6
7441841552952922880,mao,tv,MAO,25,2026-04-04,7.0,"Eight years ago, Nanoka Kiba was saved from the wreckage of a fatal accident at Gogyō Town Shopping Center. Drawn to the abandoned passage of storefronts on her walk home from school in present day, she becomes inexplicably transported to Japan's Taishō period where she meets the mysterious Mao, a fellow traveler whose arrival at a ghost-inhabited village is simultaneous with hers. Together, they investigate the bizarre events that begin to occur around them, and Nanoka soon pieces together her broken memories of the accident and how she and Mao may have something more sinister in common.",62048,"Action & Adventure,Sci-Fi & Fantasy,Animation",12
7441841586821927681,marriage-toxin,tv,Marriage Toxin,24,2026-04-07,7.5,"For centuries, the deadly arts have been perfected by Masters, and Five Great Families hold the greatest power and influence. Hikaru Gero, an heir to the Gero family, lives in the underworld as an elite assassin. When his sister is pressured to produce an heir, Hikaru asks Mei Kinosaki, a brilliant marriage swindler, to find him a bride. The most challenging mission of his life begins!",62601,"Animation,Action & Adventure,Comedy",13
7441841616081392386,always-a-catch,tv,Always a Catch!,24,2026-04-02,6.0,"Born into a legendary ducal family, martial prodigy Maria “Mimi” Annovazzi loses her claim as heir and is suddenly ordered to marry into prestige. With no options left in her homeland, she transfers to a neighboring kingdom—only to be publicly dumped at graduation by a prince she’s never met over an engagement she didn’t even know she had! Will Maria be doomed to the life of a spinster?!",62893,"Animation,Comedy,Sci-Fi & Fantasy",12
7441841649614852867,rooster-fighter,tv,Rooster Fighter,24,2026-03-15,8.692,"Keiji is more than just an ordinary rooster—he's humanity's greatest defender! His opponents may be ten stories tall, but nothing is bigger than his stout heart and his fearsome battle cry—Kokekokko!",59393,"Animation,Action & Adventure,Sci-Fi & Fantasy",12
7441841697589302020,gals-cant-be-kind-to-otaku,tv,Gals Can't Be Kind to Otaku!?,23,2026-04-08,8.0,"Takuya Seo is a quiet otaku who keeps a low profile at school—until two gals from his class start talking to him. The cool but scatterbrained Kei Amane and the cheerful, energetic Kotoko Ijichi couldn’t be more different, but the three soon bond over anime, games, and shared fandom. But one question remains: do nice gals who hang out with otaku really exist?!",62604,"Animation,Comedy",2
7441841726861349637,the-klutzy-class-monitor-and-the-girl-with-the-short-skirt,tv,The Klutzy Class Monitor and the Girl with the Short Skirt,24,2026-04-06,7.25,"Every morning, Sakuradaimon-kun enforces the rules at the school gate, stopping Poem-chan for her too-short skirt. But when they’re thrown together in remedial class, she discovers his secret—the serious, uptight Sakuradaimon-kun is hopeless at studying! As they clash, bicker, and stumble through school life together, the two opposites slowly draw closer and form an unexpected friendship.",61425,"Animation,Comedy",12
7441841756053705478,agents-of-the-four-seasons-dance-of-spring,tv,Agents of the Four Seasons Dance of Spring,24,2026-03-29,7.667,"When the Agent of Spring, Hinagiku Kayo, is abducted, spring itself vanishes—plunging the world into unending winter. Refusing to give up, her devoted guard, Sakura Himedaka, searches for her for years. When Hinagiku suddenly returns, the two set out to restore the lost season, face the past that tore them apart, and reclaim the warmth they refuse to lose again.",61443,"Animation,Drama,Sci-Fi & Fantasy",14
7441841790002402055,witch-hat-atelier,tv,Witch Hat Atelier,24,2026-04-06,8.583,"In a world where only witches can cast magic, they must avoid being seen by ordinary people while casting. While Coco does her chores, she daydreams of becoming a witch. When a young witch named Qifrey visits her village, Coco uncovers the “absolute secret,” becomes Qifrey’s apprentice, and begins her studies. This is the story of children who encounter despair, yet reach out toward hope.",100035,"Animation,Drama,Sci-Fi & Fantasy",13
7441841823464559368,daemons-of-the-shadow-realm,tv,Daemons of the Shadow Realm,24,2026-04-04,8.9,"Yuru, a young hunter, lives in a small village deep in the mountains, hunting wild game and leading a humble life with Asa, his younger twin sister. Their peaceful lives are torn apart when a dragon’s roar echoes across the sky. What secrets lurk within their village? What fate awaits them?",62001,"Animation,Action & Adventure,Sci-Fi & Fantasy",24
7441841886655943434,given,tv,given,30,2019-07-12,8.5,"Ritsuka’s lost his spark for music—until he hears Mafuyu sing. One voice pulls him back in, and suddenly, everything starts to change between them.",39533,"Animation,Drama",11
7441841939260904203,the-holy-grail-of-eris,tv,The Holy Grail of Eris,24,2026-01-08,7.3,"Betrayed by her fiancé's lover and sentenced to public execution, Constance Grail, a plain viscount's daughter known for her honesty, faces death—until a mysterious voice offers salvation. Scarlett Castiel, a noblewoman long thought dead, may be her only hope. Together, these unlikely allies uncover a dark conspiracy lurking in the heart of high society, where betrayal, secrets, and power collide.",60151,"Animation,Mystery,Sci-Fi & Fantasy",12
7441842010266276620,fate-strange-fake,tv,Fate/strange Fake,24,2024-12-31,8.293,"In a Holy Grail War, Mages (Masters) and their Heroic Spirits (Servants) fight for the control of the Holy Grail—an omnipotent wish-granting device said to fulfill any desire. Years have passed since the end of the Fifth Holy Grail War in Japan. Now, signs portend the emergence of a new Holy Grail in the western American city of Snowfield. Sure enough, Masters and Servants begin to gather... A missing Servant class... Impossible Servant summonings... A nation shrouded in secrecy... And a city created as a battleground. In the face of such irregularities, the Holy Grail War is twisted and driven into the depth of madness. Let the curtain rise on a masquerade of humans and heroes, made to dance upon the stage of a false Holy Grail.",55830,"Animation,Action & Adventure,Sci-Fi & Fantasy,Drama",13
7441842044743455501,journal-with-witch,tv,Journal with Witch,24,2026-01-04,9.0,"Reclusive novelist Makio Koudai has always preferred the company of books—but when her sister and brother-in-law pass away, Makio unexpectedly becomes the guardian of her 15-year-old niece, Asa Takumi. As they navigate grief, clashing personalities, and the challenges of living together, the two slowly open their hearts to each other, discovering warmth, understanding, and the meaning of family.",58788,"Animation,Drama",13
7441842130428891918,wash-it-all-away,tv,Wash It All Away,24,2026-01-05,7.6,"For the past two years, cheerful and hardworking Kinme Wakana has run a small laundry shop in the seaside hot springs town of Atami. As she goes about her quiet days, Wakana finds herself drawn into the bittersweet, heartwarming stories of the people around her.",61782,"Animation,Comedy",12
7441842211181826831,noble-reincarnation-born-blessed-so-ill-obtain-ultimate-power,tv,"Noble Reincarnation: Born Blessed, So I'll Obtain Ultimate Power",24,2026-01-08,7.8,"Noa’s past life as a young adult villager was nothing to write home about. But now he’s reborn as the 13th prince of an empire! His stats screen reveal that he’ll grow stronger proportionately to the number of people serving under him. To gain ultimate power, he’ll do whatever it takes to make sure that those who serve him shall serve him for life!",60692,"Animation,Action & Adventure,Sci-Fi & Fantasy",12
7441842292639404816,dark-moon-the-blood-altar,tv,DARK MOON: THE BLOOD ALTAR,24,2026-01-10,8.5,"In the seaside city of Riverfield stands Decelis Academy, home to seven mysterious boys sharing the same secret: They're vampires, hiding their murky pasts. When Sooha, a female student who hates vampires, transfers to the academy, the boys find themselves irresistibly drawn to her. As strange events shake the city, old sins and buried secrets resurface, and their world begins to fracture.",59853,"Animation,Sci-Fi & Fantasy",12
7441842373354590993,tune-in-to-the-midnight-heart,tv,Tune In to the Midnight Heart,24,2026-01-06,8.3,"Arisu Yamabuki is heir to a powerful conglomerate, and seeks perfection. After Apollo, the host of Midnight Heart Tune, vanishes, Arisu joins the Fuurin High broadcasting club. There, he meets four girls and promises to make their vocal dreams come true!",61211,"Animation,Drama,Comedy",12
7441842454715699986,you-and-i-are-polar-opposites,tv,You and I Are Polar Opposites,24,2026-01-11,8.486,"Suzuki's a high school girl in love, but the guy she's fallen for is nothing like her! While she's cheerful, outgoing, and always trying to fit in, her classmate Yusuke Tani is stoic, quiet, and doesn't seem to care what people think of him. Will Suzuki be able to overcome her anxieties and ask him out, or will she discover that opposites really don't attract?",60371,"Animation,Comedy",13
7441842535049204499,reincarnated-as-a-dragon-hatchling,tv,Reincarnated as a Dragon Hatchling,24,2026-01-10,8.545,"A hero, reborn as an egg in a forest surrounded by beasts, aims to become the strongest dragon, despite lacking fighting skills or magic powers.",61207,"Animation,Action & Adventure,Sci-Fi & Fantasy",12
7441842615198159636,there-was-a-cute-girl-in-the-heros-party-so-i-tried-confessing-to-her,tv,"There Was a Cute Girl in the Hero's Party, So I Tried Confessing to Her",24,2026-01-06,7.7,"Yoki was once a human but reincarnated into a demon. He now holds a middling position serving the Demon King tasked with taking down the hero party. But when he finally faces them, Yoki thinks... """"No way… she's perfect."""" Of all things, he fell in love at first sight with Cecilia, the priest of the hero party! Her serious gaze, her every little gesture—everything about her is too cute! She's an angel! And so, Yoki made up his mind that he would confess his feelings to her.",61983,"Animation,Action & Adventure,Comedy,Sci-Fi & Fantasy",13
7441842700598383381,sentenced-to-be-a-hero,tv,Sentenced to Be a Hero,24,2026-01-03,8.451,"In a world where heroism is a punishment, Xylo Forbartz, a condemned goddess killer, battles endless hordes of monstrous abominations as part of Penal Hero Unit 9004. Death is no escape, only a cycle of resurrection and relentless combat. But when Xylo encounters a mysterious new goddess, their unlikely alliance sparks a rebellion that could shatter the chains of eternal punishment.",56009,"Animation,Action & Adventure,Sci-Fi & Fantasy",12
7441842782248899350,chitose-is-in-the-ramune-bottle,tv,Chitose Is in the Ramune Bottle,24,2025-10-07,7.6,"Saku Chitose is a student at Fujishi High School, the most prestigious school in Fukui Prefecture. Outstanding in class, on the field, and in his social life, Saku attracts attention, good and bad. Naturally, he is surrounded by a circle of friends anyone would be happy to have. Now in the spring of his second year, with a new class, Saku is asked to help a shut-in classmate return to school life.",59517,"Animation,Comedy",14
7441842868043387671,nana,tv,NANA,23,2006-04-05,8.5,"Nana Osaki and Nana Komatsu meet while traveling to Tokyo in pursuit of their respective dreams, and decide to be roommates. Although drastically different people, the two become very close and together they find out if their biggest dreams have room for their best friend.",28,"Animation,Drama",47
7441842930442048280,theres-no-freaking-way-ill-be-your-lover-unless,tv,There's No Freaking Way I'll Be Your Lover! Unless...,24,2025-07-08,8.076,"Renako Amaori is leaving her awkward and lonely junior high school life behind, determined to become a normal girl with normal friends in high school. Glamorous, confident Mai Ouzuka is Renako’s total opposite: wealthy, outgoing, and a literal fashion model. Against the odds, the two girls form an immediate connection. Renako thinks she may have found the best friend of her dreams…until Mai’s romantic confession sends her into a tailspin. Renako wants to prove to Mai that being BFFs is better than being girlfriends, but Mai is dead set on convincing Renako that they’re destined to be lovers.",60326,"Animation,Comedy",17
7441843010880410393,watari-kuns-is-about-to-collapse,tv,Watari-kun's ****** Is About to Collapse,24,2025-07-05,7.688,"Naoto Watari lives solely for his little sister, Suzushiro, until his chaotic childhood friend, Satsuki, storms back into his life. Without uttering a single word, her very presence ignites buried memories and unravels his rigid routine. As tensions rise and secrets surface, Naoto’s devotion to Suzushiro clashes with unresolved pain, threatening to collapse his fragile world.",56693,"Animation,Comedy,Drama",26
7441843115314385690,april-showers-bring-may-flowers,tv,April Showers Bring May Flowers,24,2025-07-04,6.0,"Pessimistic high school student Hana Tabata doesn't believe her life could ever be like that of a heroine from the shoujo manga she reads—she's convinced she's ugly, and she's always alone. Still, she can't help but imagine herself as a leading lady when she's changing out flowers early one morning...until she's caught in the act by her handsome classmate Yousuke Ueno! Hana can't wrap her head around his kind words at first, but as they grow closer, she finds her life slowly beginning to change…",53512,"Animation,Comedy",13
7441843200756552475,nisekoi,tv,Nisekoi,24,2014-01-11,8.2,"Raku Ichijo is an average high school student. He also happens to be the sole heir to the head of a Yakuza Family called the Shuei-gumi. 10 years ago, Raku made a promise… a secret promise with a girl he met. They promised one another that they will “get married when they reunite.” Since then, Raku never let go of the pendant the girl gave him.",18897,"Animation,Comedy",32
7441843291101860636,hinamatsuri,tv,Hinamatsuri,24,2018-04-06,7.962,"One night, a strange object falls on the head of Nitta, a member of the yakuza. Inside the box is a strange young girl named Hina. She has tremendous supernatural powers, and Nitta finds himself reluctantly taking her in. Her powers can come in handy for his yakuza business, but he also runs the risk of her using them on him! Not to mention, if she doesn't use her powers, she will eventually go berserk and destroy everything around her. Nitta and Hina's strange life together is just beginning...",36296,"Animation,Comedy,Sci-Fi & Fantasy",12
7441843357506081565,the-beginning-after-the-end,tv,The Beginning After the End,24,2025-04-02,6.906,"After a mysterious death, King Grey is reborn as Arthur Leywin on the magical continent of Dicathen. Although he enters his second life as a baby, his previous wisdom remains. He begins to master magic and forge his own path as the years go by, seeking to correct the mistakes of his past life.",60146,"Animation,Action & Adventure",24
7441843447159329566,you-are-ms-servant,tv,You are Ms. Servant,23,2024-10-06,7.5,"Hitoyoshi, a high school kid who lives alone, hears a knock on his door. He opens it to find a strange girl offering to be his maid. She has beautiful black hair, graceful manners, and…a dark past as an assassin. But despite her deadly background and lack of household skills, Hitoyoshi takes her in. As she adjusts to her new life, she begins to experience emotions she’s never felt before.",57611,"Animation,Comedy",12
7441843527580914463,365-days-to-the-wedding,tv,365 Days to the Wedding,24,2024-10-03,7.4,"Takuya and Rika work at the same travel agency in Tokyo and are both happily introverted and single. But their company is opening a new branch in Alaska next year, and employees without a spouse will be recruited to work there. Desperate to avoid the move, and though they’ve hardly spoken before, they decide to fake an engagement. Can these quiet coworkers become a convincing couple?",55887,"Animation,Comedy",12
7441843608619062048,honey-lemon-soda,tv,Honey Lemon Soda,23,2025-01-09,8.172,"After middle school, with its bullying and nicknames, Uka Ishimori is excited for a fresh start at Hachimitsu High School. Kai Miura, a cool and uninhibited boy, sits next to her in class. Uka remembers she met Kai in middle school and with a single word, he had convinced her to attend Hachimitsu. Though he’s popular, Kai supports Uka in her efforts to fit in with her new classmates.",58271,"Animation,Drama",12
7441843689820787489,ishura,tv,Ishura,24,2024-01-03,6.643,"A host of demigods have inherited the world after the Demon King has died, and a battle to determine the mightiest ensues.",54449,"Animation,Action & Adventure,Sci-Fi & Fantasy",24
7441843770464670498,flower-and-asura,tv,Flower and Asura,23,2025-01-08,6.5,"The story is set in Tonakishima, a small island with a population of 600. Hana, a high school girl who lives on the island, loves recitals, and holds regular reading sessions for the island's children. Mizuki, the president of the Broadcasting Club, senses Hana's power to attract people through her reading and invites her to join the club. Hana joins the Broadcasting Club and experiences many firsts with the other members.",59055,"Animation,Drama",12
7441843846717117219,medaka-kuroiwa-is-impervious-to-my-charms,tv,Medaka Kuroiwa Is Impervious to My Charms,23,2025-01-07,6.625,"For Mona Kawai, winning hearts and turning heads comes naturally. Everything changes when Medaka Kuroiwa, a new transfer student, arrives. He won’t even give Mona a second look, and it turns her life upside down! Mona tries everything she can to win Medaka over, even going to the extreme at times. Tune in to a new rom-com about a queen bee and an unfazed boy among the school’s halls.",58853,"Animation,Comedy",12
7441843927214199588,bogus-skill-fruitmaster-about-that-time-i-became-able-to-eat-unlimited-numbers-of-skill-fruits-that-kill-you,tv,Bogus Skill «Fruitmaster» ~About that time I became able to eat unlimited numbers of Skill Fruits (that kill you)~,24,2025-01-07,7.6,"In a world where Skill Fruits grant powers, aspiring adventurer Light is stuck with the useless «Fruitmaster» skill. Eating another one results in death, so no do-overs. Meanwhile, his childhood friend Rena quickly rises to S Rank. But when Light accidentally eats a second Skill Fruit, he survives and discovers his true power: He can consume unlimited Skill Fruits and gain their abilities!",59002,"Animation,Action & Adventure,Sci-Fi & Fantasy,Comedy",12
7441844008206209829,promise-of-wizard,tv,Promise of Wizard,23,2025-01-06,6.8,"On a moonlit night, Akira Masaki finds herself in a magical world where wizards and humans coexist. Every year, they must face an enormous, deadly moon that attacks the planet. Their only hope lies with the Wizards of the Sage, appointed to fight the supernatural threat. But Akira soon discovers she wasn't summoned by chance—she was chosen to lead them in battle.",57152,"Animation,Sci-Fi & Fantasy",12
7441844083716264742,i-have-a-crush-at-work,tv,I Have a Crush at Work,24,2025-01-06,7.2,"Yui Mitsuya and Masugu Tateishi aren't just any coworkers—they totally have the hots for each other. His helpful yet humble attitude makes her giddy, and her cuteness leaves him grinning like a fool. Problem is, they're trying to keep their new relationship under wraps to avoid making things awkward at work. But seeing how they can't keep their hands off each other, they run the risk of spilling their little secret with each passing day at the office.",59361,"Animation,Comedy",12
7441844163932328743,i-want-to-escape-from-princess-lessons,tv,I Want to Escape from Princess Lessons,24,2025-01-05,7.6,"Leticia Dorman, daughter of a duke, is less than thrilled to be engaged to a crown prince. Betrothed since childhood and trained to be queen, she always hoped Prince Clarke would fall for someone else one day. So when he shows up at a ball with another woman, Lettie excitedly retreats to the countryside to start her new life—only for Clarke to appear, determined to win her heart.",57050,"Animation,Comedy,Sci-Fi & Fantasy",12
7441844207230128936,possibly-the-greatest-alchemist-of-all-time,tv,Possibly the Greatest Alchemist of All Time,24,2025-01-08,7.725,"Iruma Takumi finds himself caught up in a hero summoning, even though he’s not a hero. Summoned by mistake to Mildgard, a fantasy world of swords and magic, Takumi is given a chance to start over. Though he dreams of a peaceful life, the goddess Nolyn grants him “alchemy,” an ultra-powerful skill that allows him to create anything from holy swords to flying ships. His reluctant adventure begins!",58822,"Animation,Sci-Fi & Fantasy,Action & Adventure",13
7441844287731405609,25-dimensional-seduction,tv,2.5 Dimensional Seduction,24,2024-07-05,8.3,"When cosplayer Ririsa joins Okumura's manga club, the line between 2D and 3D blurs when she asks him to be her photographer.",53802,"Animation,Comedy",24
7441844424830620458,kakuriyo-bed-breakfast-for-spirits-,tv,Kakuriyo -Bed & Breakfast for Spirits-,24,2018-04-02,8.3,"After losing her grandfather, Aoi—a girl who can see spirits known as ayakashi—is suddenly approached by an ogre. Demanding she pay her grandfather’s debt, he makes a huge request: her hand in marriage! Refusing this absurd offer, Aoi decides to work at the Tenjin-ya bed and breakfast for the ayakashi to pay back what her family owes.",58772,"Animation,Comedy,Drama,Sci-Fi & Fantasy",38
7441844454039753515,the-too-perfect-saint-tossed-aside-by-my-fiance-and-sold-to-another-kingdom,tv,The Too-Perfect Saint: Tossed Aside by My Fiancé and Sold to Another Kingdom,24,2025-04-10,7.0,"Philia Adenauer hails from a family renowned for producing Saints for generations in the Kingdom of Girtonia. Saints fight to protect humankind from monsters, and Philia underwent rigorous education and training to earn her title. After her fiancé, Julius, breaks off their engagement, Philia is sold to the kingdom of Parnacorta for resources. Will her homeland survive without her?!?",60157,"Animation,Sci-Fi & Fantasy",12
7441844535191147308,scum-of-the-brave,tv,Scum of the Brave,23,2026-01-11,7.25,"In the mid-21st century, Tokyo's mafia can turn into ether-enhanced Demon Lords, and Braves hunt them down. Yashiro, the Grim Reaper, reluctantly takes a new apprentice named Aki Jogamine, a high school girl training to become a Brave. He soon finds himself dragged into one troublesome case after another. The supernatural story of a scumbag master and his self-proclaimed apprentice begins!",61217,"Animation,Comedy,Sci-Fi & Fantasy",24
7441844597078102829,my-wife-has-no-emotion,tv,My Wife Has No Emotion,24,2024-07-02,6.471,"Takuma isn’t the most exciting guy. He’s awkward, single, and does nothing but go to work and come home. Tired of doing chores, he decides to buy a housekeeping robot named Mina. She can cook and clean perfectly, and the two get to know each other better over time. Soon, Takuma starts to fall for Mina! But could a robot ever love him back?",58272,"Animation,Sci-Fi & Fantasy,Drama,Comedy",12
7441844630850638638,trigun-stampede,tv,TRIGUN STAMPEDE,24,2023-01-07,7.4,"Vash the Stampede's a joyful gunslinging pacifist, so why does he have a $$6 million bounty on his head? That's what's puzzling rookie reporter Meryl Stryfe and her jaded veteran partner when looking into the vigilante only to find someone who hates blood. But their investigation turns out to uncover something heinous—his evil twin brother, Millions Knives.",54863,"Animation,Action & Adventure,Sci-Fi & Fantasy",23
7441844678820893487,nmeneko,tv,Nmeneko,2,2025-04-04,0.0,Follows the funny and amusing daily lives of two cats who want to live life doing only fun things.,60947,Animation,48
7441844810505261872,kunon-the-sorcerer-can-see,tv,Kunon the Sorcerer Can See,24,2026-01-04,7.5,"Kunon, a young man who cannot see, has the goal of creating new eyes with water magic. After just five months of learning sorcery, Kunon surpassed his own mentor and honed his talent as he tried to do a feat that's never been done before. A fantasy about a young man, a blind genius, who opens up the world through curiosity in the pursuit for magic is about to begin.",60810,"Animation,Action & Adventure,Sci-Fi & Fantasy,Comedy",13
7441844882093642545,isekai-office-worker-the-other-worlds-books-depend-on-the-bean-counter,tv,Isekai Office Worker: The Other World's Books Depend on the Bean Counter,24,2026-01-06,8.4,"Seiichirou Kondou gets caught up in a summoning ritual and is transported to a parallel world called Romany Kingdom. Having worked day and night, he demands a job and joins the Royal Accounting Department. After narrowly surviving a tonic’s deadly side effects with the aid of magic, Seiichirou entrusts himself to Aresh, captain of the Third Royal Order, known as the Ice Prince.",60226,"Animation,Sci-Fi & Fantasy",12
7441844944026735410,you-cant-be-in-a-rom-com-with-your-childhood-friends,tv,You Can't Be in a Rom-Com with Your Childhood Friends!,24,2026-01-06,8.8,"High school freshman Sakai Yonosuke, aka Eiyu, is obsessed with rom-coms, especially ones about childhood friends. But even though he has two childhood friends of his own—Shio and Akari—he's sadly given up on romance becoming a reality. Little does he know, both girls have the hots for him! A humorous will-they-or-won't-they rom-com about friendship, love, and first crushes!",61359,"Animation,Comedy",12
7441844978478748467,hell-mode-the-hardcore-gamer-dominates-in-another-world-with-garbage-balancing,tv,Hell Mode: The Hardcore Gamer Dominates in Another World with Garbage Balancing,24,2026-01-10,7.7,"Kenichi Yamada, a single, 35-year-old businessman, has spent the majority of his adult life playing every MMORPG to hit the market. Tired of the constant cycle of repetitive, newbie-centric gameplay, he is immediately drawn in by the promise of a new game that, on top of being never-ending, offers up a ""Hell Mode""—a difficulty level that makes it nigh impossible to level up but also promises uncapped growth potential. Upon selecting the newly released Summoner class, Kenichi finds himself reborn as Allen, an infant in a serf family, with nothing but his wits and old memories to guide him.",60460,"Animation,Action & Adventure,Sci-Fi & Fantasy",12
7441845039984022324,dead-account,tv,Dead Account,24,2026-01-10,5.643,"When people die, their social media can sometimes become ""ghost accounts,"" manifesting their owners as digital specters. While trying to pay for his sister's medical bills, Soji Enishiro awakens cyberkinesis and is dragged to Miden Academy, a secret school where spirit mediums train to fight digitized ghosts. Now Soji must master his powers before the online afterlife spills into the real world!",61196,"Animation,Drama,Action & Adventure,Sci-Fi & Fantasy",12
7441845106627318581,hana-kimi,tv,Hana-Kimi,24,2026-01-04,7.5,"Mizuki Ashiya is on a mission: disguise herself as a boy and enroll in a male boarding school to meet her idol, high jump star Izumi Sano. But after successfully infiltrating the school, she discovers he’s suddenly quit the sport! Now Mizuki must dodge suspicion, protect her cover, and somehow reach the boy she came all this way for—all while surviving the chaos of an all-boys dorm!",58861,"Animation,Comedy",12
7441845173429998390,champignon-witch,tv,Champignon Witch,24,2026-01-09,6.286,"Deep in a black forest, Luna, the feared Witch of Champignon, lives alone in her poison-mushroom cottage. Her touch brings poison, yet her potions heal all who take them. No one knows who the maker is, but still, the kindhearted Luna keeps brewing potions. Then one day, a mysterious, dreamlike encounter transforms her life, sparking a magical tale of love, adventure, and unexpected connections.",60509,"Animation,Drama,Sci-Fi & Fantasy",12
7441845207701656375,jack-of-all-trades-party-of-none,tv,"Jack-of-All-Trades, Party of None",24,2026-01-04,7.641,"Betrayed by his childhood friend and cast out of the Hero Party, Orhun Dura—once their loyal Enchanter—is branded by his former comrades as “a jack-of-all-trades but a master of none.” Alone, he sets out to forge a new path as a solo adventurer. His journey sparks explosive battles, deadly rivals, and unexpected allies—and he’ll rise to shatter every expectation. The ultimate solo comeback begins!",61128,"Animation,Action & Adventure,Sci-Fi & Fantasy",12
7441845289373143864,si-vis-the-sound-of-heroes,tv,SI-VIS: The Sound of Heroes,24,2025-10-05,5.2,"SI-VIS is a co-ed music group, led by Yosuke, shaking up the global music scene with their unmatched vocals and performances. However, they are actually heroes in disguise, battling against mysterious forces threatening the world. They convert audience energy at live performances into combat power. Luckily, the battles appear to be ordinary concerts to the public, keeping their identity a secret.",62126,"Animation,Action & Adventure,Sci-Fi & Fantasy",24
7441845402204115769,i-may-be-a-guild-receptionist-but-ill-solo-any-boss-to-clock-out-on-time,tv,"I May Be a Guild Receptionist, but I'll Solo Any Boss to Clock Out on Time",24,2025-01-11,7.1,"Alina thought she had found the perfect job as a guild receptionist. It’s stable, safe, and has a super cute uniform. But this dream gig turns into an overtime nightmare whenever adventurers get stuck clearing a dungeon. Tired of the long nights, Alina starts taking down the bosses herself! She even earns the name Executioner for her impressive skills. Can she keep her identity a secret?",55997,"Animation,Comedy,Action & Adventure,Sci-Fi & Fantasy",12
7441845464128820026,kuma-kuma-kuma-bear,tv,Kuma Kuma Kuma Bear,24,2020-10-07,7.2,"Fifteen-year-old Yuna prefers staying home and obsessively playing her favorite VRMMO to doing anything else, including going to school. When a strange new update gives her a one-of-a-kind bear outfit that comes with overpowered abilities, Yuna is torn: the outfit is unbearably cute, but too embarrassing to wear in-game. But then she suddenly finds herself transported into the world of the game, facing down monsters and magic for real, and the bear suit becomes the best weapon she has!",40974,"Animation,Comedy,Action & Adventure,Sci-Fi & Fantasy",24
7441845521892774715,the-most-notorious-talker-runs-the-worlds-greatest-clan,tv,"The Most Notorious ""Talker"" Runs the World's Greatest Clan",24,2024-09-30,7.6,"Noel is the grandson of legendary Seeker Overdeath and dreams of surpassing his strength. But it turns out that Noel is nothing but a Talker, the weakest class of them all. Undeterred, he uses his silver tongue to gather allies, develop cunning strategies, and form the greatest clan around. Now, as the most notorious Talker, Noel will do whatever it takes to claim supremacy.",58714,"Animation,Action & Adventure,Sci-Fi & Fantasy",12
7441845602750567228,nyaight-of-the-living-cat,tv,Nyaight of the Living Cat,25,2025-07-08,7.8,"A virus turns humanity into feral cats, leaving a few survivors to fight back. Kunagi, a man with no past but vast cat knowledge, struggles to survive. However, the virus spreads through cuddles—can he resist the adorable menace?",58197,"Animation,Action & Adventure,Sci-Fi & Fantasy,Comedy",12
7441845707012576063,senpai-is-an-otokonoko,tv,Senpai Is an Otokonoko,23,2024-07-05,7.6,"For Makoto Hanaoka, life’s about to get more complicated. Saki Aoi, a lively girl with loads of confidence, confesses her love for Makoto one day. When he fails to reciprocate, Saki declares she will be his first love! She shares her goal with a mutual friend, Ryuji Taiga, who also confesses his crush on Makoto. Stuck in a love triangle, Makoto must find a way to make it work and have fun.",54855,"Animation,Drama",12
7441845746124460864,dark-gathering,tv,Dark Gathering,24,2023-07-10,7.067,"The story centers on Keitarou Gentouga, who has the ability to be a spirit medium. In junior high school, he got someone else wrapped up in a spirit possession incident, and he has been a shut-in for more than two years. As he reintroduces himself to society as a private tutor, he meets a genius girl named Yayoi Houzuki. Yayoi is instantly able to tell that Keitarou has skill as a spirit medium, and she invites him to go with her to a haunted location. The two then start their journey capturing evil spirits.",52505,"Animation,Drama,Mystery",25
7441845827351352129,mechanical-marie,tv,Mechanical Marie,24,2025-10-05,8.2,"Former martial arts legend Marie has accepted a new job as a “mechanical maid”… except she’s 100% human, and Arthur, her new boss, despises humans. Luckily, Marie’s naturally expressionless face helps her keep up the robot act while secretly protecting Arthur from constant assassination attempts. But when Arthur falls in love with his “perfect” maid, things quickly spiral out of control!",59484,"Animation,Comedy,Sci-Fi & Fantasy",12
7441845908716655426,gnosia,tv,GNOSIA,24,2025-10-12,8.321,"When a shapeshifting enemy known as Gnosia infiltrates a lone spaceship, the crew has only one way to survive: identify the imposter each day and put them into cryo-sleep. But for Yuri, the day never ends. Trapped in a time loop, she relives the first day of the crisis over and over. To escape, Yuri must uncover the truth behind Gnosia and the time loop itself—before it’s too late.",60427,"Animation,Mystery,Sci-Fi & Fantasy",21
7441845999435256645,kaguya-sama-love-is-war,tv,Kaguya-sama: Love Is War,24,2019-01-12,8.5,"Considered a genius due to having the highest grades in the country, Miyuki Shirogane leads the prestigious Shuchiin Academy's student council as its president, working alongside the beautiful and wealthy vice president Kaguya Shinomiya. The two are often regarded as the perfect couple by students despite them not being in any sort of romantic relationship.",61903,"Comedy,Animation",37
7441846033706914630,dragon-raja-the-blazing-dawn-,tv,Dragon Raja -The Blazing Dawn-,23,2022-08-19,7.2,"A letter from Cassell College broke the calm life of the youth. The unexpected admission notice, the frightened interview, the surprise rescue under the full view of the public, and the day of freedom to display their heroic spirit. When Lu Mingfei decided to choose the hidden option, the ordinary youth embarked on the legendary road of fighting against the dragon race.",59662,"Animation,Action & Adventure,Sci-Fi & Fantasy",40
7441846045476131655,my-gift-lvl-9999-unlimited-gacha-backstabbed-in-a-backwater-dungeon-im-out-for-revenge,tv,"My Gift Lvl 9999 Unlimited Gacha: Backstabbed in a Backwater Dungeon, I'm Out for Revenge!",24,2025-10-03,8.1,"God created nine races in the ancient times. Humans were the weakest, most ridiculed race among them. Light, a human boy, was fortunate enough to be invited to join a party of all nine races called the ""Assembly of the Races."" He was happy being a member for a while, but that was a short dream. His hopes were only to be betrayed by his fellow members at the largest, most heinous dungeon ""Abyss."" After surviving by himself at the bottom of Abyss, Light learns the true meaning of his gift ""Unlimited Gacha."" Light will rise from the worst despair to build his own empire of the strongest players.",60303,"Animation,Action & Adventure,Sci-Fi & Fantasy,Drama",12
7441846126057100104,gachiakuta,tv,Gachiakuta,24,2025-07-06,8.544,"Accused of murder and thrown into the Pit, a young orphan joins a group of monster fighters with special powers to uncover the truth and seek vengeance.",59062,"Animation,Action & Adventure,Drama,Sci-Fi & Fantasy",24
7441846263806432073,my-status-as-an-assassin-obviously-exceeds-the-heros,tv,My Status as an Assassin Obviously Exceeds the Hero's,24,2025-10-07,7.073,"Akira Oda and his high school classmates are summoned to another world! While the other students are granted cheat abilities through the summoning, Akira merely gains the abilities of a mediocre ""assassin."" However, his status soon surpasses ""hero,"" the strongest profession. After Akira becomes suspicious of the King behind the summoning, he is falsely framed for a crime and forced to flee.",61026,"Animation,Action & Adventure,Sci-Fi & Fantasy",12
7441846345159152458,dead-dead-demons-dededede-destruction,tv,DEAD DEAD DEMONS DEDEDEDE DESTRUCTION,24,2024-12-04,7.579,"As the world is threatened by the sudden appearance of a mysterious alien mothership, best friends Koyama Kadode and Nakagawa “Ontan” Oran carry on about their high school life. But as they grow up, they face existential questions, learning adulthood’s complexities and that the true threat may not be from above.",58883,"Animation,Drama,Sci-Fi & Fantasy,Comedy",17
7441846463954424653,blue-miburo,tv,Blue Miburo,23,2024-10-19,7.6,"The year is 1863, with the story being based in Kyoto. We follow a youth named Nio who is an honest and kind soul who's considerate of his family, yet he also has a hidden burning passion for seeking justice. From the time he came across Toshizou Hijikata and Souji Okita, members from a group of hated ronin known as the Miburo, his life then takes a turn to a bluer, and clearer path. Nio, alongside the other men whose hearts burn bravely and true, step forth towards an honest path with their blue wills adorned on their hearts!",61333,"Animation,Action & Adventure",38
7442554562268894039,jojos-bizarre-adventure,tv,JoJo's Bizarre Adventure,24,2012-10-06,8.553,"Follow the intergenerational feud between the Joestar Family and various forces of evil, the most prominent of which is Dio Brando and his followers.",61469,"Animation,Action & Adventure,Sci-Fi & Fantasy",192
7442556634406064984,to-your-eternity,tv,To Your Eternity,25,2021-04-12,8.19,"An immortal being takes on the form of a human boy, wandering the earth and experiencing the pains and joys of life throughout his story without end.",54703,"Animation,Action & Adventure,Sci-Fi & Fantasy",62
7442556765717140313,welcome-to-demon-school-iruma-kun,tv,Welcome to Demon School! Iruma-kun,25,2019-10-05,8.2,"Fourteen-year-old Iruma Suzuki has just been abandoned and sold to a demon by his irresponsible parents! Surprisingly, the next thing he knows he's living with the demon who has adopted him as his new grandson and has been transferred into a school in the Netherworld where his new demon grandfather works as the principal. Thus begins the cowardly Iruma-kun's extraordinary school life among the otherworldly as he faces his true self, takes on challenges, and rises to become someone great.",60310,"Animation,Comedy,Sci-Fi & Fantasy",77
7442557773243487066,the-angel-next-door-spoils-me-rotten,tv,The Angel Next Door Spoils Me Rotten,24,2023-01-07,7.8,"Amane lives alone in an apartment, and the most beautiful girl in school, Mahiru, lives just next door. They've almost never spoken—until the day he sees her in distress on a rainy day and lends her his umbrella. To return the favour, she offers him help around the house, and a relationship slowly begins to blossom as the distance between them closes…",56876,"Animation,Comedy",24
7442558493850080092,that-time-i-got-reincarnated-as-a-slime,tv,That Time I Got Reincarnated as a Slime,24,2018-10-02,8.4,"Corporate worker Mikami Satoru is stabbed by a random killer, and is reborn to an alternate world. But he turns out to be reborn a slime! Thrown into this new world with the name Rimuru, he begins his quest to create a world that’s welcoming to all races.",59970,"Action & Adventure,Animation,Sci-Fi & Fantasy,Comedy",96
7442558863397622621,wistoria-wand-and-sword,tv,Wistoria: Wand and Sword,24,2024-07-07,7.6,"In a world where magic reigns, Will Serfort can’t cast a spell. Though hardworking, Will’s classmates think less of him for it. However, he has a secret strength: his sword. Can Will defy expectations with muscle over magic and blade over wand? Find out in this epic sword-and-sorcery adventure!","58059,59983","Animation,Action & Adventure,Sci-Fi & Fantasy",18
7442559107736802142,my-dress-up-darling,tv,My Dress-Up Darling,24,2022-01-09,8.4,"High schooler Wakana Gojo wants to become a kashirashi—a master craftsman who makes traditional Japanese Hina dolls. Though he's gung-ho about the craft, he knows nothing about the latest trends, and has a hard time fitting in with his class. The popular kids—especially one girl, Marin Kitagawa—seem like they live in a completely different world. That all changes one day, when she shares an unexpected secret with him, and their completely different worlds collide.","48736,53065","Animation,Comedy,Drama",24
7442559938192216927,classroom-of-the-elite,tv,Classroom of the Elite,24,2017-07-12,8.406,"Kiyotaka Ayanokouji enrolls at the prestigious Tokyo Koudo Ikusei Academy, but is assigned to Class 1-D, where students with behavioral problems are housed. The school awards points equivalent to 100,000 yen per month and allows unusual freedom in classes, masking a more complex system.",59708,"Animation,Drama,Mystery",54
7442560489298596704,oshi-no-ko,tv,【OSHI NO KO】,24,2023-04-12,8.298,A small-town doctor gets sucked into the ruthless world of show business when he crosses paths with a popular teen idol who holds a secret.,60058,"Animation,Drama",35
7442560548723495777,anyway-im-falling-in-love-with-you,tv,"Anyway, I'm Falling in Love with You.",24,2025-01-10,6.781,"It’s the year 2020, and Mizuho is having the worst 17th birthday ever. Her parents forgot it’s her birthday, she still can’t seem to get close to the senior she likes, and all her school trips and tournaments are canceled thanks to a new disease going around. She’s convinced she’ll never have the kind of youth she’s always dreamt of…until her childhood friend, Kizuki, suddenly asks her out.","58259,61325","Animation,Drama",24
7442560676217754466,hells-paradise,tv,Hell's Paradise,25,2023-04-01,8.129,"For a chance at a pardon, a ninja assassin joins other condemned criminals on a journey to a mysterious island to retrieve an elixir of immortality.",55825,"Animation,Action & Adventure,Sci-Fi & Fantasy",25
7442560821265175395,mf-ghost,tv,MF GHOST,24,2023-10-02,8.2,"Japan adopts self-driving electric automobiles and renders most gas engines obsolete by 202X. The fastest cars find new life in the MFG, a racing circuit held on Japanese motorways. Drivers from around the world race for a shot at the title. Kanata Rivington returns from Britain to Japan for the MFG—and to find his father. Can he win the title and find answers? Buckle up and push it to the limit!","50695,57559,60602","Animation,Action & Adventure",37
7442683267003716452,sakamoto-days,tv,SAKAMOTO DAYS,24,2025-01-11,8.066,"Once the greatest hitman of all, Taro Sakamoto retired in the name of love. But when his past catches up, he must fight to protect his beloved family.","58939,60285","Animation,Comedy,Action & Adventure",22
7442685480983860069,the-100-girlfriends-who-really-really-really-really-really-love-you,tv,"The 100 Girlfriends Who Really, Really, Really, Really, REALLY Love You",23,2023-10-08,8.073,"Rentaro Aijo was rejected 100 times in middle school. He visits a shrine and prays for better luck in high school. The God of Love appears and promises that he'll soon meet 100 people he's destined to date. But there's a catch—once destiny introduces someone to him, the two must happily love each other. If they don't, they'll die. What will befall Rentaro and his 100 girlfriends in high school?",57616,"Animation,Comedy",24
7442864267604267884,one-punch-man,tv,One-Punch Man,24,2015-10-05,8.378,"Saitama is a hero who only became a hero for fun. After three years of “special” training, though, he’s become so strong that he’s practically invincible. In fact, he’s too strong—even his mightiest opponents are taken out with a single punch, and it turns out that being devastatingly powerful is actually kind of a bore. With his passion for being a hero lost along with his hair, yet still faced with new enemies every day, how much longer can he keep it going?",30276,"Animation,Comedy,Action & Adventure,Sci-Fi & Fantasy",36
7442869141372932973,grand-blue-dreaming,tv,Grand Blue Dreaming,24,2018-07-14,7.745,A college student joins the local diving club after meeting some rowdy upperclassmen. New adventures in booze and the ocean await.,37105,"Animation,Comedy",24
7442895857801761647,the-apothecary-diaries,tv,The Apothecary Diaries,23,2023-10-22,8.581,"Maomao lived a peaceful life with her apothecary father. Until one day, she's sold as a lowly servant to the emperor's palace. But she wasn't meant for a compliant life among royalty. So when imperial heirs fall ill, she decides to step in and find a cure! This catches the eye of Jinshi, a handsome palace official who promotes her. Now, she's making a name for herself solving medical mysteries!",58514,"Animation,Drama,Mystery",48
7442898513530196848,aharen-san-wa-hakarenai,tv,Aharen-san wa Hakarenai,24,2022-04-02,7.3,"Socially awkward Aharen-san has personal boundary issues, either getting too close or too far from her classmates. When fellow student Raido picks up an eraser she drops, Aharen-san decides they’re now best friends. Whether studying, playing the arcade, or just eating lunch—she’s along for the ride. What follows is an impromptu bonding that shows affection can blossom in the unlikeliest of places!",59466,"Animation,Comedy",24
7442900496605516657,farming-life-in-another-world,tv,Farming Life in Another World,24,2023-01-06,7.5,"After Hiraku dies of a serious illness, God brings him back to life, gives his health and youth back, and sends him to a fantasy world of his choice. In order to enjoy his second shot, God bestows upon him the almighty farming tool! Watch as Hiraku digs, chops, and ploughs in another world in this laidback farming fantasy!","51462,62146","Animation,Comedy,Sci-Fi & Fantasy",24
7442912651740451698,ascendance-of-a-bookworm,tv,Ascendance of a Bookworm,24,2019-10-03,8.1,"When a sickly young girl suddenly becomes obsessed with inventing new things, her family and friends are all puzzled. ""What has gotten into Myne?"" they wondered, never dreaming that the answer is not a ""What"" but a ""Who"": Urano Motosu, a book-loving apprentice librarian who died in an earthquake in Tokyo who somehow found herself in Myne's body! And since Myne's world is still in a medieval stage, where books can only be owned by the elite, the new Myne intends to do everything she can to bring her beloved books to the masses in the time she has left.",57466,"Animation,Drama,Sci-Fi & Fantasy",48
7443258162888577910,blue-spring-ride,tv,Blue Spring Ride,23,2014-07-08,8.4,"At the end of her first year of high school, Futaba Yoshioka suddenly has a chance encounter with her first love, Kou Tanaka. Three years ago, he transferred schools before she was able to say how she felt about him. After meeting each other again, Futaba realizes that he has gone through many changes. He acts more cool and even had his last name changed to Mabuchi. Gradually the two rekindle their love while piecing together what had happened in the time that they were apart.",21995,"Animation,Comedy,Drama",12
7443277448269009783,ron-kamonohashis-forbidden-deductions,tv,Ron Kamonohashi's Forbidden Deductions,24,2023-10-02,6.4,"Ron Kamonohashi was once regarded as a genius at the top detective training academy. But after a fatal mistake, he was expelled and forbidden to become a detective. Years later, police officer Totomaru Isshiki knocks on Ron’s door seeking help on a serial murder case. He finds Ron, now a messy-haired recluse, who agrees. Together, this mismatched detective team begins solving their first mystery!",57635,"Animation,Mystery,Crime,Action & Adventure",26
7443280561575039864,spy-x-family,tv,SPY x FAMILY,24,2022-04-09,8.509,"A spy, an assassin and a telepath come together to pose as a family, each for their own reasons, while hiding their true identities from each other.",59027,"Animation,Action & Adventure,Comedy",50
7443493720877437817,may-i-ask-for-one-final-thing,tv,May I Ask for One Final Thing?,24,2025-10-04,7.513,"In the middle of a ball, Scarlet's fiancé, Kyle, suddenly calls off their engagement. She's falsely accused of being a bully and people unfairly call her a ""Villainess."" The aristocrats and noble families all denounce her. For years, she had to put up with his abuse and idiocy, but she can't take anymore of it! At her wit's end, she asks for one last favor; to give him a good fist in the face. So begins Scarlet's story of revenge against Kyle and his cronies! A fantasy about an elegant yet rebellious fighter, who doesn't let anyone take advantage of her!!",59846,"Animation,Comedy,Drama,Action & Adventure,Sci-Fi & Fantasy",13
7443497378612515706,shiboyugi-playing-death-games-to-put-food-on-the-table,tv,SHIBOYUGI: Playing Death Games to Put Food on the Table,24,2026-01-07,7.2,"Yuki plays death games for a living, but when she wakes in a mansion with five other women, can she survive a new lethal maze of locked rooms and traps?",59711,"Animation,Action & Adventure",11
7443631246564922235,the-summer-hikaru-died,tv,The Summer Hikaru Died,24,2025-07-06,8.242,"Six months ago, Hikaru vanished for a week. Now, as his best friend Yoshiki senses something amiss and confronts him, the harrowing truth emerges.",58913,"Animation,Drama,Mystery,Sci-Fi & Fantasy",12
7443641894904533884,rent-a-girlfriend,tv,Rent-a-Girlfriend,25,2020-07-11,8.3,"Kinoshita Kazuya is a 20-year-old failure of a college student. He managed to kiss his girlfriend once, but was dumped after a month. Completely spiteful, Kazuya uses a certain method to date a girl. He goes to their meeting place and a beautiful girl brushing her long, black hair behind her ear was there, smiling at him. Her name was Mizuhara Chizuru. Something real is born after just a single rental! A reckless rom-com filled with love and excitement is about to begin!","59277,62485","Animation,Comedy",60
7443643427243168637,campfire-cooking-in-another-world-with-my-absurd-skill,tv,Campfire Cooking in Another World with My Absurd Skill,24,2023-01-11,0.0,"Tsuyoshi Mukohda, an ordinary salaryman, is suddenly transported to another world one day. The unique skill he gains upon arrival in this world is the seemingly useless ""Online Grocery."" Mukohda is discouraged at first, but the modern foods he's able to bring to his new world using this skill prove to have some unbelievable effects!",57025,"Animation,Action & Adventure,Sci-Fi & Fantasy",24
7443845496260531070,akudama-drive,tv,Akudama Drive,24,2020-10-08,7.512,"Many years ago, a Great Civil War ravaged Japan, leaving the country fragmented between two regions: Kansai and Kanto. In Kansai, a group of six Akudama carry out missions given to them by a mysterious black cat, while evading the police. But a dangerous journey is about to unfold when a civilian girl becomes twisted into the Akudama's way of life and witnesses their criminal drives.",41433,"Animation,Mystery,Action & Adventure,Sci-Fi & Fantasy,Crime",12
7443846659525579647,i-want-to-end-this-love-game,tv,I Want to End This Love Game,24,2026-04-14,7.2,"Childhood friends Yukiya and Miku share everything…except their feelings. Ever since sixth grade, they've played a ""love game"": they take turns saying ""I love you"" and whoever gets flustered first loses. Now in high school, their hearts are closer than ever—but will they finally find the courage to confess?",61839,"Comedy,Animation",12
7445031603438359431,demon-lord-2099,tv,DEMON LORD 2099,24,2024-10-13,7.8,"Five centuries ago, Demon Lord Veltol reigned over an immortal nation. Now, the time has come for him to awaken once again. The year is 2099, and civilization has reached peak evolution, leading to a high-tech landscape with towering skyscrapers—nothing like he’s conquered before. Veltol may be a relic of the past, but make no mistake, this new world will be his for the taking!",54853,"Animation,Sci-Fi & Fantasy,Action & Adventure",12
7445059450630574984,failure-frame-i-became-the-strongest-and-annihilated-everything-with-low-level-spells,tv,Failure Frame: I Became the Strongest and Annihilated Everything with Low-Level Spells,25,2024-07-05,7.47,"Touka always faded into the background at school. And when he’s summoned to another world with his classmates, that still doesn’t change! They all acquire top-rank skills, except Touka, who’s deemed a failure and cast to ancient ruins by the goddess Vicius. Turns out, his low-rank skills may not be so useless after all. Now, he seeks revenge against the goddess, and his true nature is revealed.",57892,"Animation,Sci-Fi & Fantasy,Action & Adventure",12
7445379980080452492,in-the-clear-moonlit-dusk,tv,In the Clear Moonlit Dusk,24,2026-01-11,8.188,"Yoi Takiguchi is a first-year high school student, admired for her handsome looks and honest heart, which earned her the nickname “Prince.” One day, she bumps into Kohaku Ichimura, an upperclassman and another “Prince.” As the two grow closer, is what blossoms between them friendship or love? A youthful love story about a boy and a girl who are both called “Princes” begins.",61663,"Animation,Drama",12
7447215637232881682,shadows-house,tv,Shadows House,24,2021-04-11,8.0,"A faceless clan lives in a large mansion, masquerading as nobles. Their caretakers are living dolls who spend their days cleaning up the dirt the tenants leave behind. But there’s a deeper mystery at play… and the secret of the house will be unveiled.",43439,"Animation,Mystery,Sci-Fi & Fantasy",25
7447217581699633171,banana-fish,tv,Banana Fish,23,2018-07-06,8.6,A teenaged gang leader in New York City faces his abuser and rival gangs alongside a photojournalist from Japan as they investigate a deadly new drug.,36649,"Animation,Drama,Action & Adventure,Mystery,Crime",24
7449053148603224114,cowboy-bebop,tv,Cowboy Bebop,25,1998-04-03,8.5,"In 2071, roughly fifty years after an accident with a hyperspace gateway made the Earth almost uninhabitable, humanity has colonized most of the rocky planets and moons of the Solar System. Amid a rising crime rate, the Inter Solar System Police (ISSP) set up a legalized contract system, in which registered bounty hunters, also referred to as ""Cowboys"", chase criminals and bring them in alive in return for a reward.",1,"Animation,Action & Adventure,Sci-Fi & Fantasy,Western",26
7451910437542563843,bleach,tv,Bleach,24,2004-10-05,8.359,"For as long as he can remember, Ichigo Kurosaki has been able to see ghosts. But when he meets Rukia, a Soul Reaper who battles evil spirits known as Hollows, he finds his life is changed forever. Now, with a newfound wealth of spiritual energy, Ichigo discovers his true calling: to protect the living and the dead from evil.",269,"Action & Adventure,Animation,Sci-Fi & Fantasy",406
7451918202407227396,arifureta-from-commonplace-to-worlds-strongest,tv,Arifureta: From Commonplace to World's Strongest,24,2019-07-08,8.413,"Hajime Nagumo and his high school class are suddenly summoned to a fantastical land as heroes. But while most of his classmates have powerful stats and abilities, Hajime does not. Underappreciated and unprepared, he tumbles into the depths of a monster-infested dungeon where voracity and sacrifice are his only options. To thrive in this savage world, he’ll have no choice but to welcome the abyss.",36882,"Animation,Action & Adventure,Sci-Fi & Fantasy",41
7451930919721504773,seirei-gensouki-spirit-chronicles,tv,Seirei Gensouki: Spirit Chronicles,24,2021-07-06,8.234,"His past life and current life are intersecting--a boy with memories of two lives faces his destiny! After his mother was killed at an early age, the orphaned Rio fought his hardest to survive in the slums. One day, he awakens to the memories of Haruto Amakwa, who died in an accident while dreaming of being reunited with his childhood friend, and Rio realizing he has reincarnated in a world of swords and sorcery.",44203,"Animation,Drama,Action & Adventure,Sci-Fi & Fantasy",24
7451939857523281926,link-click,tv,LINK CLICK,23,2021-04-30,8.215,"Müşterilerinin fotoğraflarına birer birer girmek için güçlerini kullanan Cheng Xiaoshi ve Lu Guang işlerini modern bir şehirin arkalarında bir fotoğraf dükkânı olan ""Zaman Fotoğraf Stüdyosu""nda yürütüyorlar. Her iş tehlike dolu olabilir, ancak hiçbir şey verilenleri yapmaktan daha önemli değil, isterse büyük olsun isterse can alsın.",44074,"Animation,Sci-Fi & Fantasy,Mystery,Drama",29
7451942161420914695,blue-lock,tv,BLUE LOCK,23,2022-10-09,8.2,High school soccer players from across Japan gather for a controversial project designed to create the best — and most egoistic — striker in the world.,49596,"Animation,Action & Adventure,Drama",38
7451943093202325512,solo-leveling,tv,Solo Leveling,24,2024-01-07,8.611,"They say whatever doesn’t kill you makes you stronger, but that’s not the case for the world’s weakest hunter Sung Jinwoo. After being brutally slaughtered by monsters in a high-ranking dungeon, Jinwoo came back with the System, a program only he could see, that’s leveling him up in every way. Now, he’s inspired to discover the secrets behind his powers and the dungeon that spawned them.",52299,"Animation,Action & Adventure,Sci-Fi & Fantasy",25
7451971862642298892,legend-of-princess-chang-ge,tv,Legend of Princess Chang-Ge,24,2025-02-23,7.5,"Shortly after astrology predicts destruction to befall the Tang Dynasty, a coup d'état led by the crown prince Li's very own brother kills him and his wife and sons. Li's daughter, princess Yongning, manages to escape, but is soon declared dead alongside her family. Full of wrath, the princess swears to avenge them as she takes on the identity of a young man, Li Chang Ge, and moves to the Shou province to advance her goals. Li Chang Ge uses her wits to gain the trust of the Shou emperor and swiftly climbs the military ranks as a brilliant strategist. Captivatingly drawn, Song of the Long March portrays the feisty girl's adolescent journey toward countless unknown adventures, faithful comradeship, as well as formidable enmity awaiting her along the way.",60567,"Animation,Sci-Fi & Fantasy,Action & Adventure,Drama,War & Politics",16
7451971902387523597,super-cube,tv,Super Cube,20,2025-03-21,8.041,"In an accident, an ordinary boy, Wang Xiaoxiu, obtains a space system called ""Superpower Cube"" from a high-latitude cosmic civilization and gains extraordinary powers. When the school belle, Shen Yao, Wang Xiaoxiu’s longtime crush, confesses her love to him, the delinquent Sun Jun, who also has a crush on her, is provoked. Wang Xiaoxiu resolves the crisis with his wit and extraordinary powers, but it also brings more disasters as a result. Shen Yao is taken to the world of extraordinary beings by a mysterious person, and Wang Xiaoxiu embarks on a journey to rescue her. Fighting in the bizarre universe, he finds the meaning of fairness and justice on the path to becoming a peerless powerhouse.",60057,"Animation,Action & Adventure,Sci-Fi & Fantasy",12
7451972016183185422,the-richest-man-in-game,tv,The Richest Man in Game,15,2024-02-03,7.6,"Finding himself back in time 10 years ago, though technically an almost parallel world in 2009, Pei Qian got a system where he gets money to run his business. The funds for business and personal use are separated. After a set period, he can earn his personal funds according to how much his business funds he has left. The catch? Pei Qian earns more when he makes a loss in his business funds. Happily thinking how easy it would be, with many failed start-ups proving a point, Pei Qian founded his company Tengda and achieved financial freedom through the losses. Unfortunately, fate has other plans for him.",57663,"Animation,Comedy,Drama,Sci-Fi & Fantasy",16
7451972654904381455,the-all-devouring-whale-homecoming,tv,The All-Devouring Whale: Homecoming,24,2025-05-01,8.4,"Fan Lingxiao, a spiritual pet master with exceptional talents, was plotted against during the Level-A sect promotion competition and was devoured by Kun, his own spiritual pet. When he opened his eyes again, he found himself reincarnated into a young man named “Liu Fengmang” and was imprisoned in the White Mansion’s dungeon. Meanwhile, his own sect, Lingxiao Pavilion, was in a perilous state. To uncover the truth of being devoured by Kun and revitalize his sect, Fan Lingxiao, accompanied by his existing spiritual pets, embarked on a brand-new adventure journey with Gu Ling, Cheng Xi, and Yue Tong.",60572,"Animation,Action & Adventure,Sci-Fi & Fantasy,Comedy",12
7451972933624270864,lord-of-mysteries,tv,Lord of Mysteries,35,2025-06-28,8.6,"In a Victorian world of steam, dreadnoughts, and occult horrors, Zhou Mingrui awakens as Klein Moretti. He walks a razor’s edge between light and darkness, entangled with warring Churches. This is the legend of unlimited potential…and unspeakable danger.",49818,"Animation,Mystery,Sci-Fi & Fantasy,Action & Adventure",13
7451973091875360785,to-be-hero-x,tv,TO BE HERO X,24,2025-04-06,8.677,"Bu, kahramanların insanların güveniyle yaratıldığı ve en çok güveni alan kahramanın olarak bilindiği bir dünyadır, adı X. Bu dünyada, insanların güveni verilerle hesaplanabilir ve bu değerler herkesin bileğine yansır. Yeterli güven puanı elde edildiği sürece, sıradan insanlar da süper güçlere sahip olabilir ve dünyayı kurtaran süper kahramanlar olabilir. Ancak, sürekli değişen güven değeri, kahramanın yolunu bilinmezliklerle dolu hale getirir...

Link Click, Tian Guan Ci Fu gibi eserlerle tanınan yönetmen Li Haoling tarafından hayata geçirilen, Hiroyuki Sawano gibi bilindik bir şarkıcının şarkıları eşliğinde, aynı zamanda Bilibili ve Aniplex işbirliği içerisinde yürütülen To Be Hero X'in dünyasını keşfetmek kolay mı olacak?",53447,"Animation,Action & Adventure,Sci-Fi & Fantasy",24
7451980411342688275,zenshu,tv,ZENSHU,24,2025-01-05,7.892,"After graduating from high school, Natsuko Hirose starts her career as an animator. Her talent quickly flourishes, and she makes her debut as a director in no time. Her first anime becomes a massive hit, sparking a social phenomenon and earning her recognition as an up-and-coming genius director. Her next project is set to be a romantic comedy movie themed around first love! However, having never been in love herself, Natsuko struggles to understand the concept of first love, and as a result, she’s unable to create the storyboard, causing the movie production to come to a standstill. One day, she passes out while working on her storyboard and wakes up in the world of her favorite childhood anime movie ""A Tale of Perishing.""",58502,"Animation,Drama,Action & Adventure,Sci-Fi & Fantasy",12
7452708067726069783,shangri-la-frontier,tv,Shangri-La Frontier,24,2023-10-01,8.082,"Rakuro Hizutome only cares about one thing: beating crappy VR games. He devotes his entire life to these buggy games and could clear them all in his sleep. One day, he decides to challenge himself and play a popular god-tier game called Shangri-La Frontier. But he quickly learns just how difficult it is. Will his expert skills be enough to uncover its hidden secrets?",56791,"Animation,Action & Adventure,Comedy,Sci-Fi & Fantasy",50
7453054850771718174,delicos-nursery,tv,Delico's Nursery,24,2024-08-08,6.583,"Hailing from a prestigious noble house, Dali Delico is an elite member of the Blood Pact Council, the highest governing body of the Vamps. Yet, Dali flatly refuses a mission the Vamps assign him. As Dali’s motives and possible connection to mysterious murders begin to mount, council members Gerhard, Dino, and Henrique visit him in hopes he’ll reconsider, but find him soothing an infant child!",56179,"Animation,Mystery,Sci-Fi & Fantasy",13
7453055971166785567,the-elusive-samurai,tv,The Elusive Samurai,24,2024-07-06,7.763,"Set between the Kamakura and Muromachi periods, during the Kenmu Restoration, the story follows the tale of Hojo Tokiyuki, a boy on the run after his family is overthrown by Ashikaga Takauji. With his only allies being a shady priest and his followers, the young lord must seek revenge and regain his glory, with his only weapon: a superhuman ability to flee and hide.",54724,"Animation,Action & Adventure",12
7453058741219364896,no-longer-allowed-in-another-world,tv,No Longer Allowed in Another World,24,2024-07-09,7.184,"Pulled into an otherworldly adventure with cute sidekicks and superpowers, you’d think Osamu hit the jackpot. Nope! From a time before pixels, the early 20th-century gloomy author just wants to find a quiet place to meet his maker, not to rack up XP. Sadly, his poetic demise is constantly thwarted by inconvenient heroics. Dive into the hilariously tragic life of the most reluctant hero!",52367,"Animation,Comedy,Drama,Sci-Fi & Fantasy",12
7453060671773610017,makeine-too-many-losing-heroines,tv,Makeine: Too Many Losing Heroines!,24,2024-07-14,8.129,"Meet the girls on the losing side of romance! First is Anna Yanami, the girl-next-door type who can’t say no to delicious food. Then there’s Lemon Yakishio, a beautiful and spirited athlete. Last but not least is Chika Komari, the cute yet shy heroine with gentle charm. Together, they navigate awkward setbacks hoping to finally find love!",57524,"Animation,Comedy,Drama",12
7453061768189841442,true-beauty,tv,True Beauty,19,2024-08-07,8.277,"Once bullied for her looks, Jugyeong transforms herself using the art of makeup. When she joins a new school with a True Beauty goddess competition, offering winners the chance of recruitment by entertainment agencies, she instantly becomes a top candidate! But her new identity is at stake when heartthrob Suho Lee accidentally sees her bare face. Will her elite status be short-lived?",57192,"Animation,Comedy,Drama",13
7453072234576351267,tying-the-knot-with-an-amagami-sister,tv,Tying the Knot with an Amagami Sister,24,2024-10-02,7.1,"Uryu Kamihate is a high school student hoping to enroll in Kyoto University’s medical school. After being taken in by the chief priest at Amagami Shrine, he is told he must marry one of three maiden sisters—Yae, Yuna, or Asahi—to live at, and one day inherit, the Amagami Shrine. Kamihate will need to sweep one of the maidens off her feet in this story of romance, friendship, and fun.",55071,"Animation,Comedy",24
7441841285941918837,re-zero-kara-hajimeru-break-time,tv,Re:ZERO Starting Break Time From Zero,3,2026-04-08,0.0,Re:ZERO Starting Life in Another World serisinin kısa komik chibi versiyonu.,63830,Comedy,12
7453734071739355175,blue-box,tv,Blue Box,25,2024-10-03,7.9,"Taiki Inomata loves badminton, but he has a long way to go before he can reach nationals. When Taiki sees upperclassman Chinatsu Kano practicing her heart out on the girls’ basketball team, he falls for her hard. After an unexpected turn of events brings the two closer together, sports might not be the first thing on their minds anymore!",57181,"Animation,Comedy,Drama",26
7453738275547648040,tsumasho,tv,TsumaSho,24,2024-10-06,7.053,"Keisuke Niijima has lived in grief since his wife, Takae, passed away 10 years ago. But when a young girl visits, claiming to be Takae reincarnated, Keisuke and his daughter, Mai, are drawn into a miraculous reunion. As the girl reveals intimate details only they could know, the Niijima family slowly begins to heal, rediscovering love and warmth in the most unexpected way.",58242,"Animation,Comedy,Drama",12
7453739742778101801,yakuza-fiance-raise-wa-tanin-ga-ii,tv,Yakuza Fiancé: Raise wa Tanin ga Ii,24,2024-10-07,7.6,"Yoshino’s engagement is far from a dream come true. Her grandfather, head of the largest yakuza group in Kansai, has arranged her marriage to Kirishima, grandson of the Miyama Clan leader, as part of a truce. To Yoshino’s surprise, Kirishima seems kind and charming for a yakuza member. But his warm facade only serves to mask a dark and dangerous truth.",56964,"Animation,Crime,Comedy,Drama",12
7453740795628097578,the-do-over-damsel-conquers-the-dragon-emperor,tv,The Do-Over Damsel Conquers the Dragon Emperor,24,2024-10-09,8.137,"Jill Savelle—fiancée of the crown prince Gerald de Kleitos and known as the ""Lady Goddess of War""—is being hunted down by the same country she swore to protect. Betrayed by her betrothed, she is framed as a traitor and imprisoned. In her last moments, Jill is filled with regret, but just as death approaches, she awakens six years in the past. This time, she will not be a mere pawn. Now as a 10-year-old girl, Jill resolves to escape her imminent engagement to the prince. To this end, she jokingly professes her love to the 19-year-old dragon emperor Hades Theos Rave, who will one day stain the land in blood due to madness. But against all expectations, he accepts! In contrast to the tyrant from Jill's memories, the Hades of this time is a kind albeit unfortunate emperor. Can Jill prevent Hades from descending down the same dark, villainous road, or is he bound to an inevitable future?",55150,"Animation,Sci-Fi & Fantasy",12
7453741877540425771,headhunted-to-another-world-from-salaryman-to-big-four,tv,Headhunted to Another World: From Salaryman to Big Four!,276,2025-01-06,5.9,"In an alternate fantasy world, the Demon King reigns with a formidable army led by his Four Heavenly Kings. One happens to be Uchimura Denosuke, a normal salaryman unexpectedly plucked from his mundane life by the Demon King himself. But even in this new realm, Uchimura is bestowed no particular powers. Can he survive treacherous missions with only the knowledge of an office worker?",59349,"Animation,Sci-Fi & Fantasy,Action & Adventure,Comedy",12
7453744260991422508,ameku-md-doctor-detective,tv,Ameku M.D.: Doctor Detective,24,2025-01-02,7.081,"Ten’ikai General Hospital’s Supervisory Department of Diagnostic Pathology handles cases other physicians deem too difficult to treat. It’s also where bizarre mysteries surface, from unexplained illnesses to strange murders even the police can’t solve. At the center of it all is Takao Ameku, a brilliant doctor determined to reveal the shocking truth behind these anomalies.",58600,"Animation,Mystery",12
7453744997947412525,momentary-lily,tv,Momentary Lily,24,2025-01-02,5.778,"Robotic invaders wiped out all life, but Renge fights to survive using her powers. With no memories, she roams the city until she meets five other young women, each with unique abilities. Together, they make the most of their lives, cooking delicious meals between battles with mechanical monstrosities. As they uncover the secrets of their powers and pasts, they find strength in their friendship.",58739,"Animation,Action & Adventure,Sci-Fi & Fantasy",13
7454078877124530222,rascal-does-not-dream-of-bunny-girl-senpai,tv,Rascal Does Not Dream of Bunny Girl Senpai,24,2018-10-04,8.515,"Puberty Syndrome—a rumored, mysterious syndrome that only affects those in their puberty. For example, a bunny girl suddenly appeared in front of Sakuta Azusagawa. The bunny girl's real identity is Mai Sakurajima, a teenage celebrity who is currently an inactive high school senior. For some reason, her charming figure does not reflect in the eyes of others. In the course of revealing the mystery behind this phenomenon, Sakuta begins to explore his feelings towards Mai. Set in a city where the skies and seas shine, Sakuta unfolds the meaning behind his bizarre encounters on women with the said syndrome.",37450,"Animation,Comedy,Drama",26
7454080374931460143,the-brilliant-healers-new-life-in-the-shadows,tv,The Brilliant Healer's New Life in the Shadows,24,2025-04-03,7.306,"Banished as ""useless,"" Zenos, a self-taught healer from the slums, turns despair into defiance and opens a secret clinic in the city's shadows. With unlicensed, unmatched magic, he cures, comforts, and rights wrongs, quietly becoming a legend. But as his power grows, even the royal palace takes notice. Can he buck the odds and heal a world that cast him aside?",58359,"Action & Adventure,Animation,Comedy,Sci-Fi & Fantasy",12
7454080607333650480,toilet-bound-hanako-kun,tv,Toilet-Bound Hanako-kun,24,2020-01-10,8.6,"To be united with her crush, a hopeless romantic summons the ghost in the girls' bathroom at her school. But she's shocked when the ghost is a boy!",39534,"Animation,Mystery,Sci-Fi & Fantasy",36
7454082754351730737,uzumaki,tv,Uzumaki,24,2024-09-29,6.985,"Kirie tries to escape from her town Kurouzu-cho, where the residents get obsessed with spirals due to an unexplained curse.",40333,"Animation,Mystery",4
7454083030043332658,rock-is-a-ladys-modesty,tv,Rock Is a Lady's Modesty,24,2025-04-03,7.211,"Forced to give up playing guitar when her mother remarried a rich real estate tycoon, Lilisa Suzunomiya's passion for music reawakens when she meets Otoha Kurogane, her seemingly perfect classmate who is secretly a heavy metal drummer!",59360,"Animation,Comedy,Drama",13
7454083640817881140,moriarty-the-patriot,tv,Moriarty the Patriot,24,2020-10-11,8.288,"In the late 19th century, the British Empire nobility reigns while its working class suffers at their hands. Sympathetic to their plight, William James Moriarty wants to topple it all. Frustrated by the systemic inequity, Moriarty strategizes to fix the entire nation. Not even consulting detective Sherlock Holmes can stand in his way. It’s time for crime to revolutionize the world!",40911,"Animation,Mystery",24
7454084975319584821,can-a-boy-girl-friendship-survive,tv,Can a Boy-Girl Friendship Survive?,23,2025-04-04,6.833,"Childhood BFFs Himari and Yu’s vow of friendship hits turbulence when Yu reunites with his first crush in high school. Himari, who’s never known the fuzzy warmth of a crush, now must confront her feelings. Their shared dreams and peaceful days as a twosome gardening club are tested in this tale of love, flowers, and growing pains!",52709,"Animation,Comedy",12
7454091621827612726,the-dinner-table-detective,tv,The Dinner Table Detective,23,2025-04-04,7.1,"Rich heiress Reiko Hosho lives a double life as a novice detective, fighting crime under Inspector Kazamatsuri—also from a wealthy family. After work, Reiko sheds her pantsuit to don a lovely dress for dinner each day. Difficult cases force her to confide in her butler Kageyama, who proceeds to savagely ridicule her inability to solve mysteries, all while brilliantly unraveling each case himself.",60377,"Animation,Mystery,Comedy,Crime",12
7454094220920361015,anne-shirley,tv,Anne Shirley,24,2025-04-05,7.848,"Anne Shirley, a redheaded eleven-year-old girl, moves from an orphanage to Green Gables, home of the elderly Cuthbert siblings Mathew and Marilla. Her abundant imagination, cheer, and earnest heart begin to change the people around her.",60334,"Animation,Drama,Family",24
7454096172261576760,from-old-country-bumpkin-to-master-swordsman,tv,From Old Country Bumpkin to Master Swordsman,24,2025-04-05,7.2,"Beryl Gardenant, a middle-aged swordsman running a dojo in the backwaters, lives a quiet life, until Allucia, former student and Commander of the Royal Order of Knights, appears! Beryl’s life is about to change dramatically! City life. Old students. New friends and formidable foes. It’s all too much. But after years of training, he has mad skills, and he’s been dubbed “the backwater swordmaster.”",59452,"Animation,Action & Adventure,Sci-Fi & Fantasy,Comedy",13
7454352532916146233,kowloon-generic-romance,tv,KOWLOON GENERIC ROMANCE,24,2025-04-05,7.25,"Real estate agents Reiko Kujirai and Hajime Kudo work in the nostalgic Kowloon Walled City. As they spend more time together, Reiko’s feelings for Hajime grow. But when she finds a photo of him and his former fiancée, she’s shocked to see the woman looks exactly like her. Reiko then realizes a chilling truth: she has no memory of her past.",60083,"Animation,Drama,Sci-Fi & Fantasy",13
7454362435294597178,classicstars,tv,Classic★Stars,24,2025-04-06,4.4,"At Gloria Private Academy, where stars are born, Beethoven was a fighter, until music chose him. In the prestigious music department, students who match the talent of legendary musicians inherit their gifts and names. Trading his gloves for melodies, he steps into a world where notes hit harder than fists, determined to win the ultimate competition.",59199,Animation,13
7454779995894845505,the-gorilla-gods-go-to-girl,tv,The Gorilla God's Go-To Girl,23,2025-04-06,7.597,"Sophia Reeler, a timid noble, received the Gorilla God’s blessing—the ultimate combat power. Now her dream of a peaceful student life is shattered as the royal knights recruit her unrivaled strength. Juggling school, the knight life, and her overwhelming power, Sophia learns the hard way that gorilla strength isn’t so simple.",59935,"Animation,Comedy,Sci-Fi & Fantasy",12
7454782106745442370,lazarus,tv,Lazarus,25,2025-04-06,7.657,"In 2052, a Nobel Prize-winning neuroscientist develops a drug called Hapna — a cure-all that has the unexpected side-effect of causing death three years later. In response to this threat, a special force of agents—nicknamed ""Lazarus""— is assembled to take on the malevolent Skinner.",56038,"Sci-Fi & Fantasy,Action & Adventure,Animation",13
7455571636046008402,nippon-sangoku-the-three-nations-of-the-crimson-sun,tv,NIPPON SANGOKU: The Three Nations of the Crimson Sun,24,2026-04-05,7.867,"A revolution sparked by nuclear war, natural disaster, and misrule leads to the collapse of Japanese society. The country splits into three nations vying for hegemony, and the Sangoku era begins. Aoteru Misumi, a former agricultural officer, vows to reunify Japan. He rises through the ranks with only his knowledge and eloquence. Witness the legend of the man later hailed as a genius strategist.",63375,"Animation,Drama,War & Politics",12
7455932882909925468,oblivion-battery,tv,Oblivion Battery,24,2024-04-10,8.3,"Star pitcher Haruka Kiyomine and skilled catcher Kei Kaname were an unstoppable duo—until Kei was hit with a curveball: amnesia. Now they have a second chance to play at a no-name high school with a team of past rivals. Can they overcome Kei’s memory loss and rekindle their baseball dreams? With hilarious hijinks and fierce competition, get ready for a strikeout.",56165,"Animation,Drama,Comedy",13
7457032390800576527,link-click-the-daily-life-in-lightime,tv,Link Click: The Daily Life in Lightime,6,2021-10-10,9.2,Fotoğraf stüdyosundaki günlük hayat ama Chibi tarzında!,"50105,63957","Animation,Comedy",18
7458303011568226332,re-zero-starting-life-in-another-world-,tv,Re:ZERO -Starting Life in Another World-,25,2016-04-04,7.856,"Natsuki Subaru, an ordinary high school  student, is on his way home from the convenience store when he finds  himself transported to another world. As he's lost and confused in a new  world where he doesn't even know left from right, the only person to  reach out to him was a beautiful girl with silver hair. Determined to  repay her somehow for saving him from his own despair, Subaru agrees to  help the girl find something she's looking for.",61316,"Animation,Action & Adventure,Mystery,Sci-Fi & Fantasy,Drama",85
7459518691663679535,mission-yozakura-family,tv,Mission: Yozakura Family,25,2024-04-07,7.54,"Taiyo Asano has been on his own ever since his parents died and the only one who seems to care for him is his childhood friend and classmate, Mutsumi Yozakura. But Mutsumi has a secret—she is the head of a family of spies! And on top of that, her brother Kyoichiro is dangerously protective of her! To stop Kyoichiro from killing him, Taiyo and Mutsumi must take the ultimate leap—marriage! Because in the Yozakura family, family cannot kill family.",60055,"Animation,Comedy,Action & Adventure",34
7462531751403851947,smoking-behind-the-supermarket-with-you,tv,Smoking Behind the Supermarket with You,24,,0.0,"Meet Sasaki, an overworked, middle-aged office worker. His days are marked only by the passing of more unrewarding corporate drudgery. Smoking helps take the edge off, but other than that, the only bright spot of his day is when he goes to the nearby supermarket and sees Yamada's smiling face. So, one evening after yet another exhausting day, he heads to the supermarket to find he missed Yamada's shift. Dejected, he decides to go find a smoking area but discovers there isn’t one to be found. Just as he’s about to leave, a girl in a biker jacket named Tayama asks him to join her at a secret smoking area!",62076,"Animation,Drama,Comedy",6
7472558639606141005,jujutsu-kaisen,tv,JUJUTSU KAISEN,24,2020-10-03,8.578,"Yuji Itadori is a boy with tremendous physical strength, though he lives a completely ordinary high school life. One day, to save a classmate who has been attacked by curses, he eats the finger of Ryomen Sukuna, taking the curse into his own soul. From then on, he shares one body with Ryomen Sukuna. Guided by the most powerful of sorcerers, Satoru Gojo, Itadori is admitted to Tokyo Jujutsu High School, an organization that fights the curses... and thus begins the heroic tale of a boy who became a curse to exorcise a curse, a life from which he could never turn back.",57658,"Animation,Action & Adventure,Sci-Fi & Fantasy",59
